order,run,date,dataset,fruits,classes,train_img,val_img,test_img,model,imgsz,epochs_done,epochs_target,batch,optimizer,lr0,mask_precision,mask_recall,mask_mAP50,mask_mAP50_95,metric_source,note
1,P1 five-class pilot,2026-09-13,Fruit-Segmentation-v5,apple,apple+bruise_discoloration+cut_crack+rot_mold_decay+surface_spot_scar,252,72,36,yolo26n-seg,1024,50,50,8,auto,0.01,0.640,0.458,0.474,0.310,results.csv best epoch,first five-class pilot
2,P2 combined-defect pilot,2026-09-13,Fruit-Segmentation-v5 combined,apple,apple+defect,252,72,36,yolo26n-seg,1024,96,100,8,auto,0.01,0.827,0.750,0.751,0.523,results.csv best epoch,all defects merged into one class
3,P3 export5 pilot,2026-09-17,apple-pilot-export5,apple,apple+bruise_discoloration+cut_crack+rot_mold_decay+surface_spot_scar,767,72,36,yolo26n-seg,1024,50,50,8,auto,0.01,0.728,0.503,0.498,0.329,results.csv best epoch,more training images same five classes
4,P4 mask-and-defect pilot,2026-09-17,apple-mask-and-defect-pilot,apple,apple_mask+defect,767,72,36,yolo26n-seg,1024,50,50,8,auto,0.01,0.745,0.667,0.700,0.513,results.csv best epoch,two classes on export5 images
5,P5 three-fruit pilot,2026-09-20,three-fruit-first-pilot,apple+mango+tomato,fruit x3+bruise_discoloration+rot_mold_decay+surface_damage,3360,296,151,yolo26s-seg,1024,50,50,4,auto,0.01,0.757,0.684,0.683,0.526,results.csv best epoch,mango dropped afterwards
6,P6 online-aug pilot,2026-09-24,apple-tomato-online-aug-v1,apple+tomato,apple+tomato+bruise_discoloration+rot_mold_decay+surface_damage,976,278,139,yolo26s-seg,1024,100,100,auto,auto,0.01,0.785,0.674,0.687,0.506,results.csv final epoch,progress report baseline
7,Run 1,2026-09-26,apple-tomato-sep26,apple+tomato,apple+tomato+3 defects,1160,249,249,yolo26s-seg,1024,50,50,16,SGD,0.01,0.721,0.630,0.626,0.443,per-class checkpoint validation,
8,Run 2,2026-09-26,apple-tomato-sep26,apple+tomato,apple+tomato+3 defects,1160,249,249,yolo26s-seg,1024,50,50,16,SGD,0.003,0.770,0.704,0.739,0.619,per-class checkpoint validation,lower learning rate
9,Run 2b,2026-09-26,apple-tomato-sep26,apple+tomato,apple+tomato+3 defects,1160,249,249,yolo26s-seg,1024,100,100,16,AdamW,0.001,0.801,0.708,0.742,0.618,last epoch validation,AdamW 100 epochs
10,Run 3,2026-09-26,apple-tomato-sep26,apple+tomato,apple+tomato+3 defects,1160,249,249,yolo26s-seg + extra conv,1024,50,50,16,AdamW,0.001,0.675,0.624,0.611,0.426,per-class checkpoint validation,extra conv layer did not help
11,Run 5,2026-09-27,apple-tomato-sep27-members,apple+tomato,apple+tomato+3 defects,1285,277,276,yolo26s-seg,1024,100,100,16,SGD,0.01,0.817,0.697,0.747,0.622,per-class checkpoint validation,member annotations added
12,Run 6,2026-09-27,apple-tomato-sep27-members 70/20/10,apple+tomato,apple+tomato+3 defects,1215,347,174,yolo26m-seg,1024,100,100,8,SGD,0.01,0.828,0.717,0.750,0.622,per-class checkpoint validation,larger model and 70/20/10 split
13,Run 7,2026-09-28,apple-tomato-sep27-members 70/20/10,apple+tomato,apple+tomato+3 defects,1215,347,174,yolo26l-seg,1024,35,100,2,SGD,0.01,0.686,0.643,0.647,0.540,last epoch validation,stopped early (memory limit)
14,Run 11,2026-09-29,apple-tomato-sep29-refresh,apple+tomato,apple+tomato+3 defects,3423,347,174,yolo26m-seg,1024,100,100,16,SGD,0.01,0.809,0.690,0.715,0.598,per-class checkpoint validation,best combined apple and tomato run
15,Run 14,2026-09-30,apple-sep30-fruit9,apple,apple+3 defects,2110,215,79,yolo26m-seg,1024,100,100,16,SGD,0.01,0.853,0.653,0.714,0.558,per-class checkpoint validation,single-stage apple baseline
16,Run 15,2026-10-01,apple-one-defect-oct01,apple,defect,2110,215,79,yolo26m-seg,1024,81,100,16,SGD,0.01,0.753,0.620,0.673,0.422,per-class checkpoint validation,one merged defect class (unfinished)
17,Run 19 (Stage 1),2026-10-01,apple-stage1-whole-oct01,apple,apple,2110,215,79,yolo26m-seg,864,21,100,56,SGD,0.001,0.991,0.981,0.985,0.985,per-class checkpoint validation,two-stage method Stage 1 (26m)
18,Run 20 (Stage 2),2026-10-01,apple-stage2-defects-oct01,apple,3 defects,2110,215,79,Run 19 best.pt (26m),864,91,300,56,AdamW,0.0005,0.812,0.632,0.671,0.450,per-class checkpoint validation,two-stage method Stage 2 (26m)
19,Run 21 (Stage 1),2026-10-01,apple-stage1-whole-oct01,apple,apple,2110,215,79,yolo26l-seg,864,34,100,56,SGD,0.001,1.000,0.986,0.985,0.985,per-class checkpoint validation,final Stage 1 (26l)
20,Run 22 (Stage 2),2026-10-01,apple-stage2-defects-oct01,apple,3 defects,2110,215,79,Run 21 best.pt (26l),864,124,300,56,AdamW,0.0005,0.809,0.680,0.688,0.457,per-class checkpoint validation,final Stage 2 (26l). Test mAP50 0.613
